prompt_id,prompt,generated_text
1,The future of artificial intelligence will,"The future of artificial intelligence will be determined by the number of people who want to be part of the AI revolution.

According to one estimate, there are about 5 million people in the world that do not have a computer. This includes 1.5 million people in China alone who are not computer-savvy.

According to a recent report from the International Federation of Robotics, there are about 1.5 million people in the world that do not have computers. This includes 1.5 million people in China alone who are not computer-savvy. At the same time, another recent study shows that computer-savvy people are about 10 times more likely to be in the workforce than those who do not have a computer.

The researchers from the University of Minnesota have developed a new model that compares the number of people who do not have a computer to the number of people who do. The researchers found that, at the top, the number of machines and computers is much larger than the number of people who do not have a computer.

""People who do not have a computer are more likely to work for companies or in fields where there are fewer people, where there are fewer resources, where there are fewer people who do have a computer, or where there are fewer people who"
2,"In a world where technology controls everything,","In a world where technology controls everything, ""invasive"" or ""invasive"" is a very powerful word. But in a world where computers are becoming increasingly powerful, it's hard to imagine how it's possible to imagine the future without the help of artificial intelligence.

While the idea of using artificial intelligence to solve problems in the real world may seem like a far-fetched idea, there's no question that it's one that could be very useful. It's a kind of global AI that will be able to help solve the world's problems, and it's not just an idea.

In an interview with Wired, Google's head of artificial intelligence, Gisho Okuyama, said that artificial intelligence is one of the top three things he's built over the past decade.

Okuyama said that in his next five years, he's expected to build artificial intelligence using the tools of Google's AlphaGo team – an AI that's been trained on the game's map of the world. ""One of the big things we're doing right now is trying to solve the problems in the real world, and to see how it's going to work out,"" Okuyama said.

While it's certainly possible we could eventually build something like this on top of Google's Alpha"
3,The biggest challenge facing humanity today is,"The biggest challenge facing humanity today is to find all these things that we can do to help make sure that our children are able to grow up in a productive, peaceful and secure world. And, as I said, we need to do that at the same time that we're working right now to make sure that our children have the education they need to be successful in life, and that they have success in life, and that they have success in life.

And I think the fact that the U.S. is now the world leader in the world in terms of technology and the way we're working, and that we're still the world leader in the development of the Internet and the way we're working on this, and that the way we're working with our partners is to get things done. And I think we're going to continue to do that.

It's something that we have to do. And I don't think you can be a nation without a great network of people working together on this. And I think that we're going to have to work together on this.

MR. BUSH: Thank you very much.

(APPLAUSE)

MR. BUSH: And you've said many times that some of you, in fact, are on"
4,"Deep in the ocean, scientists discovered","Deep in the ocean, scientists discovered that a giant rock called a dew-like substance, called P4, is responsible for the vast majority of the light that goes through it.

In contrast, the planet's moon, Europa, is also a very bright, dark, rocky star. That means it has less light, which is good news for astronomers.

""There is a great deal of light coming from our sun,"" said lead author Dr. Alan F. Schmitt, a planetary scientist at the University of Sheffield in England. ""If we want to make some new discoveries, we have to be very careful in our searches.""

Friedrich Bremmer, a paleomagnetist at the University of Manchester, said that the discoveries of P4 could point to a new kind of light. ""It could be the basis of a whole new era in astronomy,"" he said. ""If the moon is so bright that it's hard to see in the dark, it may be that light that we see in the dark is coming from the red giant planet and we should be able to see it in the dark.""

A ""new age""

P4 began to get a better look at dark matter a few decades ago, when the dark matter theory was"
5,Education in the next decade will be transformed by,"Education in the next decade will be transformed by this project. New technologies that are being developed should make this possible. For example, new data systems can be integrated into the existing data systems, allowing for the integration of new types of data. The application of data technologies will be facilitated by the creation of new data structures, such as the ""smart"" data, and by research in the use of machine learning algorithms.

Finally, the new data systems will be able to provide a basis for the development of new solutions. For example, the new data systems could improve the effectiveness of the human health system, and could be used to help the government improve the efficiency of the health care system.

In short: the data system will shape our lives and our lives in the way we think, and we should be able to see that for ourselves.

For more information, please check out the following articles:"
